<?xml version="1.0" encoding="UTF-8"?>
<!DOCTYPE suite SYSTEM "https://testng.org/testng-1.0.dtd">
<suite name="create customer Test functionality">
	<listeners>
		<listener
			class-name="com.java.qa.sccm.Utility.ExtendReportListener" />
	</listeners>
	<test name="Login Test">
		<classes>
			<class name="com.java.qa.sccm.test.LoginTest" />
		</classes>
	</test>
	
	<test name="create customer Test">
		<classes>
			<class name="com.java.qa.sccm.test.CreateCustomerTest" />
		</classes>
	</test>
</suite> <!-- Suite -->